repo_name,repo_url,clone_url,stars,forks,last_pushed,description,quality_label
EbookFoundation/free-programming-books,https://github.com/EbookFoundation/free-programming-books,https://github.com/EbookFoundation/free-programming-books.git,382063,65901,2026-02-01T18:50:24Z,:books: Freely available programming books,1
vinta/awesome-python,https://github.com/vinta/awesome-python,https://github.com/vinta/awesome-python.git,281393,27176,2026-02-02T12:55:06Z,"An opinionated list of awesome Python frameworks, libraries, software and resources.",1
TheAlgorithms/Python,https://github.com/TheAlgorithms/Python,https://github.com/TheAlgorithms/Python.git,217473,50036,2026-02-02T18:20:16Z,All Algorithms implemented in Python,1
Significant-Gravitas/AutoGPT,https://github.com/Significant-Gravitas/AutoGPT,https://github.com/Significant-Gravitas/AutoGPT.git,181684,46299,2026-02-04T14:52:25Z,"AutoGPT is the vision of accessible AI for everyone, to use and to build on. Our mission is to provide the tools, so that you can focus on what matters.",1
AUTOMATIC1111/stable-diffusion-webui,https://github.com/AUTOMATIC1111/stable-diffusion-webui,https://github.com/AUTOMATIC1111/stable-diffusion-webui.git,160421,29920,2025-12-18T14:41:34Z,Stable Diffusion web UI,1
huggingface/transformers,https://github.com/huggingface/transformers,https://github.com/huggingface/transformers.git,156147,31958,2026-02-04T15:32:14Z,"ğŸ¤— Transformers: the model-definition framework for state-of-the-art machine learning models in text, vision, audio, and multimodal models, for both inference and training. ",1
yt-dlp/yt-dlp,https://github.com/yt-dlp/yt-dlp,https://github.com/yt-dlp/yt-dlp.git,145749,11804,2026-02-04T15:33:01Z,A feature-rich command-line audio/video downloader,1
langflow-ai/langflow,https://github.com/langflow-ai/langflow,https://github.com/langflow-ai/langflow.git,144557,8401,2026-02-04T15:22:34Z,Langflow is a powerful tool for building and deploying AI-powered agents and workflows.,1
521xueweihan/HelloGitHub,https://github.com/521xueweihan/HelloGitHub,https://github.com/521xueweihan/HelloGitHub.git,142177,11099,2026-01-28T01:25:45Z,":octocat: åˆ†äº« GitHub ä¸Šæœ‰è¶£ã€å…¥é—¨çº§çš„å¼€æºé¡¹ç›®ã€‚Share interesting, entry-level open source projects on GitHub.",1
ytdl-org/youtube-dl,https://github.com/ytdl-org/youtube-dl,https://github.com/ytdl-org/youtube-dl.git,139655,10592,2025-11-26T03:02:36Z,Command-line program to download videos from YouTube.com and other video sites,1
langchain-ai/langchain,https://github.com/langchain-ai/langchain,https://github.com/langchain-ai/langchain.git,125922,20708,2026-02-04T13:15:43Z,ğŸ¦œğŸ”— The platform for reliable agents.,1
open-webui/open-webui,https://github.com/open-webui/open-webui,https://github.com/open-webui/open-webui.git,122885,17361,2026-02-04T06:13:06Z,"User-friendly AI Interface (Supports Ollama, OpenAI API, ...)",1
Comfy-Org/ComfyUI,https://github.com/Comfy-Org/ComfyUI,https://github.com/Comfy-Org/ComfyUI.git,102429,11618,2026-02-04T15:32:49Z,"The most powerful and modular diffusion model GUI, api and backend with a graph/nodes interface.",1
pytorch/pytorch,https://github.com/pytorch/pytorch,https://github.com/pytorch/pytorch.git,97153,26750,2026-02-04T15:32:33Z,Tensors and Dynamic neural networks in Python with strong GPU acceleration,1
fastapi/fastapi,https://github.com/fastapi/fastapi,https://github.com/fastapi/fastapi.git,94799,8626,2026-02-04T14:54:41Z,"FastAPI framework, high performance, easy to learn, fast to code, ready for production",1
openai/whisper,https://github.com/openai/whisper,https://github.com/openai/whisper.git,94161,11718,2025-12-15T10:18:21Z,Robust Speech Recognition via Large-Scale Weak Supervision,1
Shubhamsaboo/awesome-llm-apps,https://github.com/Shubhamsaboo/awesome-llm-apps,https://github.com/Shubhamsaboo/awesome-llm-apps.git,92078,13331,2026-02-04T01:10:38Z,"Collection of awesome LLM apps with AI Agents and RAG using OpenAI, Anthropic, Gemini and opensource models.",1
django/django,https://github.com/django/django,https://github.com/django/django.git,86677,33619,2026-02-03T16:03:40Z,The Web framework for perfectionists with deadlines.,1
microsoft/markitdown,https://github.com/microsoft/markitdown,https://github.com/microsoft/markitdown.git,86380,5000,2026-01-08T23:21:33Z,Python tool for converting files and office documents to Markdown.,1
home-assistant/core,https://github.com/home-assistant/core,https://github.com/home-assistant/core.git,84580,36673,2026-02-04T14:46:12Z,:house_with_garden: Open source home automation that puts local control and privacy first.,1
bregman-arie/devops-exercises,https://github.com/bregman-arie/devops-exercises,https://github.com/bregman-arie/devops-exercises.git,80858,18480,2025-12-27T14:22:30Z,"Linux, Jenkins, AWS, SRE, Prometheus, Docker, Python, Ansible, Git, Kubernetes, Terraform, OpenStack, SQL, NoSQL, Azure, GCP, DNS, Elastic, Network, Virtualization. DevOps Interview Questions",1
hacksider/Deep-Live-Cam,https://github.com/hacksider/Deep-Live-Cam,https://github.com/hacksider/Deep-Live-Cam.git,79234,11551,2025-12-15T19:50:08Z,real time face swap and one-click video deepfake with only a single image,1
browser-use/browser-use,https://github.com/browser-use/browser-use,https://github.com/browser-use/browser-use.git,77778,9204,2026-02-04T05:45:34Z,ğŸŒ Make websites accessible for AI agents. Automate tasks online with ease.,1
tensorflow/models,https://github.com/tensorflow/models,https://github.com/tensorflow/models.git,77689,45313,2026-01-28T23:20:45Z,Models and examples built with TensorFlow,1
swisskyrepo/PayloadsAllTheThings,https://github.com/swisskyrepo/PayloadsAllTheThings,https://github.com/swisskyrepo/PayloadsAllTheThings.git,74924,16587,2026-02-02T11:32:13Z,A list of useful payloads and bypass for Web Application Security and Pentest/CTF,1
infiniflow/ragflow,https://github.com/infiniflow/ragflow,https://github.com/infiniflow/ragflow.git,72762,8055,2026-02-04T13:30:45Z,RAGFlow is a leading open-source Retrieval-Augmented Generation (RAG) engine that fuses cutting-edge RAG with Agent capabilities to create a superior context layer for LLMs,1
sherlock-project/sherlock,https://github.com/sherlock-project/sherlock,https://github.com/sherlock-project/sherlock.git,72437,8582,2026-02-04T05:25:27Z,Hunt down social media accounts by username across social networks,1
josephmisiti/awesome-machine-learning,https://github.com/josephmisiti/awesome-machine-learning,https://github.com/josephmisiti/awesome-machine-learning.git,71581,15298,2026-01-29T18:16:50Z,"A curated list of awesome Machine Learning frameworks, libraries and software.",1
python/cpython,https://github.com/python/cpython,https://github.com/python/cpython.git,71345,34015,2026-02-04T15:06:35Z,The Python programming language,1
pallets/flask,https://github.com/pallets/flask,https://github.com/pallets/flask.git,71135,16693,2026-02-03T18:22:23Z,The Python micro framework for building web applications.,1
PaddlePaddle/PaddleOCR,https://github.com/PaddlePaddle/PaddleOCR,https://github.com/PaddlePaddle/PaddleOCR.git,70162,9784,2026-02-04T03:37:43Z,"Turn any PDF or image document into structured data for your AI. A powerful, lightweight OCR toolkit that bridges the gap between images/PDFs and LLMs. Supports 100+ languages.",1
binary-husky/gpt_academic,https://github.com/binary-husky/gpt_academic,https://github.com/binary-husky/gpt_academic.git,70080,8407,2026-01-25T12:33:10Z,"ä¸ºGPT/GLMç­‰LLMå¤§è¯­è¨€æ¨¡å‹æä¾›å®ç”¨åŒ–äº¤äº’æ¥å£ï¼Œç‰¹åˆ«ä¼˜åŒ–è®ºæ–‡é˜…è¯»/æ¶¦è‰²/å†™ä½œä½“éªŒï¼Œæ¨¡å—åŒ–è®¾è®¡ï¼Œæ”¯æŒè‡ªå®šä¹‰å¿«æ·æŒ‰é’®&å‡½æ•°æ’ä»¶ï¼Œæ”¯æŒPythonå’ŒC++ç­‰é¡¹ç›®å‰–æ&è‡ªè¯‘è§£åŠŸèƒ½ï¼ŒPDF/LaTexè®ºæ–‡ç¿»è¯‘&æ€»ç»“åŠŸèƒ½ï¼Œæ”¯æŒå¹¶è¡Œé—®è¯¢å¤šç§LLMæ¨¡å‹ï¼Œæ”¯æŒchatglm3ç­‰æœ¬åœ°æ¨¡å‹ã€‚æ¥å…¥é€šä¹‰åƒé—®, deepseekcoder, è®¯é£æ˜Ÿç«, æ–‡å¿ƒä¸€è¨€, llama2, rwkv, claude2, mossç­‰ã€‚",1
vllm-project/vllm,https://github.com/vllm-project/vllm,https://github.com/vllm-project/vllm.git,69452,13176,2026-02-04T15:25:37Z,A high-throughput and memory-efficient inference and serving engine for LLMs,1
ansible/ansible,https://github.com/ansible/ansible,https://github.com/ansible/ansible.git,67891,24219,2026-02-04T13:28:20Z,"Ansible is a radically simple IT automation platform that makes your applications and systems easier to deploy and maintain. Automate everything from code deployment to network configuration to cloud management, in a language that approaches plain English, using SSH, with no agents to install on remote systems. https://docs.ansible.com.",1
github/spec-kit,https://github.com/github/spec-kit,https://github.com/github/spec-kit.git,67522,5829,2025-12-04T19:58:26Z,ğŸ’« Toolkit to help you get started with Spec-Driven Development,1
OpenHands/OpenHands,https://github.com/OpenHands/OpenHands,https://github.com/OpenHands/OpenHands.git,67492,8401,2026-02-04T14:45:50Z,ğŸ™Œ OpenHands: AI-Driven Development,1
hiyouga/LlamaFactory,https://github.com/hiyouga/LlamaFactory,https://github.com/hiyouga/LlamaFactory.git,66874,8138,2026-02-04T15:27:13Z,Unified Efficient Fine-Tuning of 100+ LLMs & VLMs (ACL 2024),1
xtekky/gpt4free,https://github.com/xtekky/gpt4free,https://github.com/xtekky/gpt4free.git,65717,13683,2026-02-03T13:44:44Z,"The official gpt4free repository | various collection of powerful language models | o4, o3 and deepseek r1, gpt-4.1, gemini 2.5",1
labmlai/annotated_deep_learning_paper_implementations,https://github.com/labmlai/annotated_deep_learning_paper_implementations,https://github.com/labmlai/annotated_deep_learning_paper_implementations.git,65629,6606,2026-01-22T04:26:00Z,"ğŸ§‘â€ğŸ« 60+ Implementations/tutorials of deep learning papers with side-by-side notes ğŸ“; including transformers (original, xl, switch, feedback, vit, ...), optimizers (adam, adabelief, sophia, ...), gans(cyclegan, stylegan2, ...), ğŸ® reinforcement learning (ppo, dqn), capsnet, distillation, ... ğŸ§ ",1
scikit-learn/scikit-learn,https://github.com/scikit-learn/scikit-learn,https://github.com/scikit-learn/scikit-learn.git,64895,26665,2026-02-04T15:30:27Z,scikit-learn: machine learning in Python,1
localstack/localstack,https://github.com/localstack/localstack,https://github.com/localstack/localstack.git,64287,4516,2026-02-04T15:26:43Z,ğŸ’» A fully functional local AWS cloud stack. Develop and test your cloud & Serverless apps offline,1
FoundationAgents/MetaGPT,https://github.com/FoundationAgents/MetaGPT,https://github.com/FoundationAgents/MetaGPT.git,63881,8033,2026-01-21T10:12:33Z,"ğŸŒŸ The Multi-Agent Framework: First AI Software Company, Towards Natural Language Programming",1
keras-team/keras,https://github.com/keras-team/keras,https://github.com/keras-team/keras.git,63756,19685,2026-02-03T17:45:48Z,Deep Learning for humans,1
anthropics/skills,https://github.com/anthropics/skills,https://github.com/anthropics/skills.git,62911,6171,2026-02-04T02:20:55Z,Public repository for Agent Skills,1
openinterpreter/open-interpreter,https://github.com/openinterpreter/open-interpreter,https://github.com/openinterpreter/open-interpreter.git,61992,5330,2025-12-05T18:57:03Z,A natural language interface for computers,1
commaai/openpilot,https://github.com/commaai/openpilot,https://github.com/commaai/openpilot.git,59986,10610,2026-02-04T15:19:08Z,"openpilot is an operating system for robotics. Currently, it upgrades the driver assistance system on 300+ supported cars.",1
OpenBB-finance/OpenBB,https://github.com/OpenBB-finance/OpenBB,https://github.com/OpenBB-finance/OpenBB.git,59827,5832,2026-02-03T23:15:19Z,"Financial data platform for analysts, quants and AI agents.",1
scrapy/scrapy,https://github.com/scrapy/scrapy,https://github.com/scrapy/scrapy.git,59647,11228,2026-02-03T19:13:30Z,"Scrapy, a fast high-level web crawling & scraping framework for Python.",1
unclecode/crawl4ai,https://github.com/unclecode/crawl4ai,https://github.com/unclecode/crawl4ai.git,59437,6070,2026-02-04T02:00:58Z,"ğŸš€ğŸ¤– Crawl4AI: Open-source LLM Friendly Web Crawler & Scraper. Don't be shy, join here: https://discord.gg/jP8KfhDhyN",1
CorentinJ/Real-Time-Voice-Cloning,https://github.com/CorentinJ/Real-Time-Voice-Cloning,https://github.com/CorentinJ/Real-Time-Voice-Cloning.git,59305,9414,2025-12-15T12:47:13Z,Clone a voice in 5 seconds to generate arbitrary speech in real-time,1
pathwaycom/pathway,https://github.com/pathwaycom/pathway,https://github.com/pathwaycom/pathway.git,59261,1585,2026-02-04T11:58:34Z,"Python ETL framework for stream processing, real-time analytics, LLM pipelines, and RAG.",1
Asabeneh/30-Days-Of-Python,https://github.com/Asabeneh/30-Days-Of-Python,https://github.com/Asabeneh/30-Days-Of-Python.git,57232,10951,2026-01-23T07:32:40Z,The 30 Days of Python programming challenge is a step-by-step guide to learn the Python programming language in 30 days. This challenge may take more than 100 days. Follow your own pace. These videos may help too: https://www.youtube.com/channel/UC7PNRuno1rzYPb1xLa4yktw,1
ultralytics/yolov5,https://github.com/ultralytics/yolov5,https://github.com/ultralytics/yolov5.git,56792,17436,2026-02-03T10:29:51Z,YOLOv5 ğŸš€ in PyTorch > ONNX > CoreML > TFLite,1
Textualize/rich,https://github.com/Textualize/rich,https://github.com/Textualize/rich.git,55352,2014,2026-02-01T16:21:51Z,Rich is a Python library for rich text and beautiful formatting in the terminal.,1
deepfakes/faceswap,https://github.com/deepfakes/faceswap,https://github.com/deepfakes/faceswap.git,54944,13433,2026-01-05T12:30:09Z,Deepfakes Software For All,1
RVC-Boss/GPT-SoVITS,https://github.com/RVC-Boss/GPT-SoVITS,https://github.com/RVC-Boss/GPT-SoVITS.git,54729,5987,2025-12-30T08:00:21Z,1 min voice data can also be used to train a good TTS model! (few shot voice cloning),1
microsoft/autogen,https://github.com/microsoft/autogen,https://github.com/microsoft/autogen.git,54260,8177,2026-01-22T16:27:56Z,A programming framework for agentic AI,1
FoundationAgents/OpenManus,https://github.com/FoundationAgents/OpenManus,https://github.com/FoundationAgents/OpenManus.git,54147,9507,2026-01-05T07:18:09Z,"No fortress, purely open ground.  OpenManus is Coming.",1
opendatalab/MinerU,https://github.com/opendatalab/MinerU,https://github.com/opendatalab/MinerU.git,53799,4463,2026-02-02T12:09:03Z,Transforms complex documents like PDFs into LLM-ready markdown/JSON for your Agentic workflows.,1
psf/requests,https://github.com/psf/requests,https://github.com/psf/requests.git,53708,9731,2026-02-02T22:32:17Z,"A simple, yet elegant, HTTP library.",1
ultralytics/ultralytics,https://github.com/ultralytics/ultralytics,https://github.com/ultralytics/ultralytics.git,52915,10131,2026-02-04T15:06:37Z,Ultralytics YOLO ğŸš€,1
karpathy/nanoGPT,https://github.com/karpathy/nanoGPT,https://github.com/karpathy/nanoGPT.git,52622,8887,2025-11-12T19:52:34Z,"The simplest, fastest repository for training/finetuning medium-sized GPTs.",1
docling-project/docling,https://github.com/docling-project/docling,https://github.com/docling-project/docling.git,52088,3561,2026-02-04T11:41:11Z,Get your documents ready for gen AI,1
unslothai/unsloth,https://github.com/unslothai/unsloth,https://github.com/unslothai/unsloth.git,51580,4263,2026-02-04T13:48:15Z,"Fine-tuning & Reinforcement Learning for LLMs. ğŸ¦¥ Train OpenAI gpt-oss, DeepSeek, Qwen, Llama, Gemma, TTS 2x faster with 70% less VRAM.",1
Zie619/n8n-workflows,https://github.com/Zie619/n8n-workflows,https://github.com/Zie619/n8n-workflows.git,50875,6285,2026-01-26T16:38:00Z,all of the workflows of n8n i could find (also from the site itself),1
charlax/professional-programming,https://github.com/charlax/professional-programming,https://github.com/charlax/professional-programming.git,50337,3958,2026-01-12T00:12:02Z,A collection of learning resources for curious software engineers,1
harry0703/MoneyPrinterTurbo,https://github.com/harry0703/MoneyPrinterTurbo,https://github.com/harry0703/MoneyPrinterTurbo.git,49341,7008,2025-12-14T04:02:56Z,åˆ©ç”¨AIå¤§æ¨¡å‹ï¼Œä¸€é”®ç”Ÿæˆé«˜æ¸…çŸ­è§†é¢‘ Generate short videos with one click using AI LLM.,1
odoo/odoo,https://github.com/odoo/odoo,https://github.com/odoo/odoo.git,48845,31358,2026-02-04T15:32:11Z,Odoo. Open Source Apps To Grow Your Business.,1
pandas-dev/pandas,https://github.com/pandas-dev/pandas,https://github.com/pandas-dev/pandas.git,47781,19608,2026-02-04T02:24:45Z,"Flexible and powerful data analysis / manipulation library for Python, providing labeled data structures similar to R data.frame objects, statistical functions, and much more",1
lllyasviel/Fooocus,https://github.com/lllyasviel/Fooocus,https://github.com/lllyasviel/Fooocus.git,47658,7781,2025-12-01T19:17:07Z,Focus on prompting and generating,1
run-llama/llama_index,https://github.com/run-llama/llama_index,https://github.com/run-llama/llama_index.git,46790,6778,2026-02-04T03:04:22Z,LlamaIndex is the leading framework for building LLM-powered agents over your data.,1
mem0ai/mem0,https://github.com/mem0ai/mem0,https://github.com/mem0ai/mem0.git,46576,5121,2026-02-03T05:37:18Z,Universal memory layer for AI Agents,1
freqtrade/freqtrade,https://github.com/freqtrade/freqtrade,https://github.com/freqtrade/freqtrade.git,46503,9714,2026-02-04T06:14:38Z,"Free, open source crypto trading bot",1
oobabooga/text-generation-webui,https://github.com/oobabooga/text-generation-webui,https://github.com/oobabooga/text-generation-webui.git,45996,5889,2026-02-03T01:57:51Z,"The definitive Web UI for local AI, with powerful features and easy setup.",1
virattt/ai-hedge-fund,https://github.com/virattt/ai-hedge-fund,https://github.com/virattt/ai-hedge-fund.git,45598,7993,2026-02-02T20:45:33Z,An AI Hedge Fund Team,1
sansan0/TrendRadar,https://github.com/sansan0/TrendRadar,https://github.com/sansan0/TrendRadar.git,45484,22019,2026-02-02T13:51:58Z,"â­AI-driven public opinion & trend monitor with multi-platform aggregation, RSS, and smart alerts.ğŸ¯ å‘Šåˆ«ä¿¡æ¯è¿‡è½½ï¼Œä½ çš„ AI èˆ†æƒ…ç›‘æ§åŠ©æ‰‹ä¸çƒ­ç‚¹ç­›é€‰å·¥å…·ï¼èšåˆå¤šå¹³å°çƒ­ç‚¹ +  RSS è®¢é˜…ï¼Œæ”¯æŒå…³é”®è¯ç²¾å‡†ç­›é€‰ã€‚AI ç¿»è¯‘ +  AI åˆ†æç®€æŠ¥ç›´æ¨æ‰‹æœºï¼Œä¹Ÿæ”¯æŒæ¥å…¥ MCP æ¶æ„ï¼Œèµ‹èƒ½ AI è‡ªç„¶è¯­è¨€å¯¹è¯åˆ†æã€æƒ…æ„Ÿæ´å¯Ÿä¸è¶‹åŠ¿é¢„æµ‹ç­‰ã€‚æ”¯æŒ Docker ï¼Œæ•°æ®æœ¬åœ°/äº‘ç«¯è‡ªæŒã€‚é›†æˆå¾®ä¿¡/é£ä¹¦/é’‰é’‰/Telegram/é‚®ä»¶/ntfy/bark/slack ç­‰æ¸ é“æ™ºèƒ½æ¨é€ã€‚",1
apache/airflow,https://github.com/apache/airflow,https://github.com/apache/airflow.git,44133,16419,2026-02-04T15:17:12Z,"Apache Airflow - A platform to programmatically author, schedule, and monitor workflows",1
NanmiCoder/MediaCrawler,https://github.com/NanmiCoder/MediaCrawler,https://github.com/NanmiCoder/MediaCrawler.git,43611,9608,2026-02-04T10:03:23Z,å°çº¢ä¹¦ç¬”è®° | è¯„è®ºçˆ¬è™«ã€æŠ–éŸ³è§†é¢‘ | è¯„è®ºçˆ¬è™«ã€å¿«æ‰‹è§†é¢‘ | è¯„è®ºçˆ¬è™«ã€B ç«™è§†é¢‘ ï½œ è¯„è®ºçˆ¬è™«ã€å¾®åšå¸–å­ ï½œ è¯„è®ºçˆ¬è™«ã€ç™¾åº¦è´´å§å¸–å­ ï½œ ç™¾åº¦è´´å§è¯„è®ºå›å¤çˆ¬è™«  | çŸ¥ä¹é—®ç­”æ–‡ç« ï½œè¯„è®ºçˆ¬è™«,1
crewAIInc/crewAI,https://github.com/crewAIInc/crewAI,https://github.com/crewAIInc/crewAI.git,43609,5852,2026-02-04T14:58:50Z,"Framework for orchestrating role-playing, autonomous AI agents. By fostering collaborative intelligence, CrewAI empowers agents to work together seamlessly, tackling complex tasks.",1
streamlit/streamlit,https://github.com/streamlit/streamlit,https://github.com/streamlit/streamlit.git,43345,4067,2026-02-04T15:31:30Z,Streamlit â€” A faster way to build and share data apps.,1
SimplifyJobs/Summer2026-Internships,https://github.com/SimplifyJobs/Summer2026-Internships,https://github.com/SimplifyJobs/Summer2026-Internships.git,43301,3165,2026-02-04T15:31:34Z,Collection of Summer 2026 tech internships!,1
getsentry/sentry,https://github.com/getsentry/sentry,https://github.com/getsentry/sentry.git,43077,4593,2026-02-04T15:29:09Z,Developer-first error tracking and performance monitoring,1
faif/python-patterns,https://github.com/faif/python-patterns,https://github.com/faif/python-patterns.git,42722,7064,2026-01-21T18:49:51Z,A collection of design patterns/idioms in Python,1
karpathy/nanochat,https://github.com/karpathy/nanochat,https://github.com/karpathy/nanochat.git,42204,5443,2026-02-04T02:12:05Z,The best ChatGPT that $100 can buy.,1
mitmproxy/mitmproxy,https://github.com/mitmproxy/mitmproxy,https://github.com/mitmproxy/mitmproxy.git,42173,4437,2026-02-02T09:08:37Z,An interactive TLS-capable intercepting HTTP proxy for penetration testers and software developers.,1
9001/copyparty,https://github.com/9001/copyparty,https://github.com/9001/copyparty.git,42116,1723,2026-02-04T00:39:32Z,"Portable file server with accelerated resumable uploads, dedup, WebDAV, SFTP, FTP, TFTP, zeroconf, media indexer, thumbnails++ all in one file",1
mingrammer/diagrams,https://github.com/mingrammer/diagrams,https://github.com/mingrammer/diagrams.git,41982,2716,2026-01-22T00:06:50Z,:art: Diagram as Code for prototyping cloud system architectures,1
hiroi-sora/Umi-OCR,https://github.com/hiroi-sora/Umi-OCR,https://github.com/hiroi-sora/Umi-OCR.git,41915,4149,2025-11-20T14:58:13Z,"OCR software, free and offline. å¼€æºã€å…è´¹çš„ç¦»çº¿OCRè½¯ä»¶ã€‚æ”¯æŒæˆªå±/æ‰¹é‡å¯¼å…¥å›¾ç‰‡ï¼ŒPDFæ–‡æ¡£è¯†åˆ«ï¼Œæ’é™¤æ°´å°/é¡µçœ‰é¡µè„šï¼Œæ‰«æ/ç”ŸæˆäºŒç»´ç ã€‚å†…ç½®å¤šå›½è¯­è¨€åº“ã€‚",1
gradio-app/gradio,https://github.com/gradio-app/gradio,https://github.com/gradio-app/gradio.git,41562,3249,2026-02-02T17:04:38Z,"Build and share delightful machine learning apps, all in Python. ğŸŒŸ Star to support our work!",1
deepspeedai/DeepSpeed,https://github.com/deepspeedai/DeepSpeed,https://github.com/deepspeedai/DeepSpeed.git,41530,4703,2026-02-03T22:26:43Z,"DeepSpeed is a deep learning optimization library that makes distributed training and inference easy, efficient, and effective.",1
psf/black,https://github.com/psf/black,https://github.com/psf/black.git,41349,2717,2026-01-31T16:09:46Z,The uncompromising Python code formatter,1
hpcaitech/ColossalAI,https://github.com/hpcaitech/ColossalAI,https://github.com/hpcaitech/ColossalAI.git,41337,4538,2026-01-19T17:40:36Z,"Making large AI models cheaper, faster and more accessible",1
ray-project/ray,https://github.com/ray-project/ray,https://github.com/ray-project/ray.git,41138,7184,2026-02-04T13:39:30Z,Ray is an AI compute engine. Ray consists of a core distributed runtime and a set of AI Libraries for accelerating ML workloads.,1
exo-explore/exo,https://github.com/exo-explore/exo,https://github.com/exo-explore/exo.git,41020,2779,2026-02-04T15:24:09Z,Run frontier AI locally.,1
zhayujie/chatgpt-on-wechat,https://github.com/zhayujie/chatgpt-on-wechat,https://github.com/zhayujie/chatgpt-on-wechat.git,41003,9705,2026-02-04T14:51:54Z,CowAgentæ˜¯åŸºäºå¤§æ¨¡å‹çš„è¶…çº§AIåŠ©ç†ï¼Œèƒ½ä¸»åŠ¨æ€è€ƒå’Œä»»åŠ¡è§„åˆ’ã€è®¿é—®æ“ä½œç³»ç»Ÿå’Œå¤–éƒ¨èµ„æºã€åˆ›é€ å’Œæ‰§è¡ŒSkillsã€æ‹¥æœ‰é•¿æœŸè®°å¿†å¹¶ä¸æ–­æˆé•¿ã€‚åŒæ—¶æ”¯æŒé£ä¹¦ã€é’‰é’‰ã€ä¼ä¸šå¾®ä¿¡åº”ç”¨ã€å¾®ä¿¡å…¬ä¼—å·ã€ç½‘é¡µç­‰æ¥å…¥ï¼Œå¯é€‰æ‹©OpenAI/Claude/Gemini/DeepSeek/ Qwen/GLM/Kimi/LinkAIï¼Œèƒ½å¤„ç†æ–‡æœ¬ã€è¯­éŸ³ã€å›¾ç‰‡å’Œæ–‡ä»¶ï¼Œå¯å¿«é€Ÿæ­å»ºä¸ªäººAIåŠ©æ‰‹å’Œä¼ä¸šæ•°å­—å‘˜å·¥ã€‚,1
chubin/cheat.sh,https://github.com/chubin/cheat.sh,https://github.com/chubin/cheat.sh.git,40855,1900,2025-12-23T18:48:24Z,the only cheat sheet you need,1
ccxt/ccxt,https://github.com/ccxt/ccxt,https://github.com/ccxt/ccxt.git,40816,8502,2026-02-04T15:00:27Z,A cryptocurrency trading API with more than 100 exchanges in JavaScript / TypeScript / Python / C# / PHP / Go ,1
Aider-AI/aider,https://github.com/Aider-AI/aider,https://github.com/Aider-AI/aider.git,40342,3868,2026-01-19T15:39:28Z,aider is AI pair programming in your terminal,1
jingyaogong/minimind,https://github.com/jingyaogong/minimind,https://github.com/jingyaogong/minimind.git,38726,4654,2026-01-30T12:30:57Z,ğŸš€ğŸš€ ã€Œå¤§æ¨¡å‹ã€2å°æ—¶å®Œå…¨ä»0è®­ç»ƒ26Mçš„å°å‚æ•°GPTï¼ğŸŒ Train a 26M-parameter GPT from scratch in just 2h!,1
2noise/ChatTTS,https://github.com/2noise/ChatTTS,https://github.com/2noise/ChatTTS.git,38653,4205,2026-01-18T05:30:01Z,A generative speech model for daily dialogue.,1
mthbernardes/fses,https://github.com/mthbernardes/fses,https://github.com/mthbernardes/fses.git,49,15,2017-09-06T07:02:00Z,Fucking Search Engines Scraper - python library to scrap url's from search engines,0
BorjaMerino/tlsInjector,https://github.com/BorjaMerino/tlsInjector,https://github.com/BorjaMerino/tlsInjector.git,49,20,2015-06-22T09:15:33Z,Python script to inject and run shellcodes through TLS callbacks,0
schvarcz/quadtree-X-occupancy-grid,https://github.com/schvarcz/quadtree-X-occupancy-grid,https://github.com/schvarcz/quadtree-X-occupancy-grid.git,49,9,2018-03-30T11:42:00Z,Quadtree x Occupancy grid (map representation and path planning),0
Pylons/pyramid_beaker,https://github.com/Pylons/pyramid_beaker,https://github.com/Pylons/pyramid_beaker.git,49,23,2024-04-05T06:17:07Z,Beaker sessioning bindings for Pyramid,0
astooke/accel_rl,https://github.com/astooke/accel_rl,https://github.com/astooke/accel_rl.git,49,11,2019-03-20T02:56:14Z,Accelerated Methods for Deep Reinforcement Learning,0
blackredscarf/pytorch-SkipGram,https://github.com/blackredscarf/pytorch-SkipGram,https://github.com/blackredscarf/pytorch-SkipGram.git,49,9,2018-08-31T09:05:39Z,Implementing Skip-gram Negative Sampling with pytorch,0
hatching/roach,https://github.com/hatching/roach,https://github.com/hatching/roach.git,49,21,2021-12-08T13:13:44Z,Cockroach is your primitive & immortal swiss army knife.,0
jacky-xbb/blockchain-py,https://github.com/jacky-xbb/blockchain-py,https://github.com/jacky-xbb/blockchain-py.git,49,21,2019-10-14T10:07:35Z,A python imlementation of blockchain_go,0
facebookresearch/binary-image-selection,https://github.com/facebookresearch/binary-image-selection,https://github.com/facebookresearch/binary-image-selection.git,49,9,2021-09-15T21:12:49Z,BISON: Binary Image SelectiON,0
cjlin1/simpleNN,https://github.com/cjlin1/simpleNN,https://github.com/cjlin1/simpleNN.git,49,11,2021-05-13T12:33:16Z,,0
OS-ABC/AIOsp-Fault-Diagnosis,https://github.com/OS-ABC/AIOsp-Fault-Diagnosis,https://github.com/OS-ABC/AIOsp-Fault-Diagnosis.git,49,19,2021-05-25T04:39:57Z,,0
hui-po-wang/hijackgan,https://github.com/hui-po-wang/hijackgan,https://github.com/hui-po-wang/hijackgan.git,49,1,2021-06-13T11:46:36Z,"[CVPR 2021] Pytorch implementation of Hijack-GAN: Unintended-Use of Pretrained, Black-Box GANs",0
GZQ0723/YoloV4,https://github.com/GZQ0723/YoloV4,https://github.com/GZQ0723/YoloV4.git,49,28,2020-04-25T13:10:07Z,object detection \ yolov4,0
JindongJiang/SCALOR,https://github.com/JindongJiang/SCALOR,https://github.com/JindongJiang/SCALOR.git,49,14,2023-12-24T04:10:37Z,"Official Release of ICLR 2020 paper ""SCALOR: Generative World Models with Scalable Object Representations""",0
alexdotpink/haveibeenfacebooked-api,https://github.com/alexdotpink/haveibeenfacebooked-api,https://github.com/alexdotpink/haveibeenfacebooked-api.git,49,4,2021-04-08T12:19:13Z,,0
jiushill/wmi-hack-py,https://github.com/jiushill/wmi-hack-py,https://github.com/jiushill/wmi-hack-py.git,49,4,2023-05-08T09:11:35Z,,0
hongyixu37/omniavatar-proj,https://github.com/hongyixu37/omniavatar-proj,https://github.com/hongyixu37/omniavatar-proj.git,49,1,2023-05-28T01:04:03Z,,0
datacorruption/Rave-Strategies,https://github.com/datacorruption/Rave-Strategies,https://github.com/datacorruption/Rave-Strategies.git,49,5,2021-07-13T00:35:04Z,,0
apurv-r/discord-together,https://github.com/apurv-r/discord-together,https://github.com/apurv-r/discord-together.git,49,10,2022-07-28T11:05:08Z,"An unofficial module that allows the use of the Discord's BETA feature, Party Games - like YouTube together or Poker Night.   ",0
zhangzhenyu13/llm3s-conatiner,https://github.com/zhangzhenyu13/llm3s-conatiner,https://github.com/zhangzhenyu13/llm3s-conatiner.git,49,12,2023-08-14T09:07:16Z,large language model training-3-stages+deployment,0
ShineChen1024/MiaoBi,https://github.com/ShineChen1024/MiaoBi,https://github.com/ShineChen1024/MiaoBi.git,49,4,2024-03-11T10:34:14Z,"Chinese Stable Diffusion, zh SD,ä¸­æ–‡æ–‡ç”Ÿå›¾ï¼Œä¸­æ–‡SDï¼Œä¸­æ–‡Stable Diffusion",0
guybuk/ANCOR,https://github.com/guybuk/ANCOR,https://github.com/guybuk/ANCOR.git,49,5,2021-05-25T19:37:13Z,Fine-grained Angular Contrastive Learning with Coarse Labels - Official Repository,0
johnman3032/simple-lora-dreambooth-trainer,https://github.com/johnman3032/simple-lora-dreambooth-trainer,https://github.com/johnman3032/simple-lora-dreambooth-trainer.git,49,2,2023-11-28T08:17:37Z,A collection of simple training GUIs for SD1.5 and SDXL.,0
LA30/Cas-Gnn,https://github.com/LA30/Cas-Gnn,https://github.com/LA30/Cas-Gnn.git,49,9,2022-01-28T06:59:59Z,Cascade Graph Neural Networks for RGB-D Salient Object Detection (ECCV20),0
RafayKhattak/csvGPT,https://github.com/RafayKhattak/csvGPT,https://github.com/RafayKhattak/csvGPT.git,49,14,2024-02-04T13:25:12Z,"csvGPT is an web app tool that enables users to upload CSV files, visualize the data, and have interactive conversations with an AI model. ",0
FizzleDorf/AIT,https://github.com/FizzleDorf/AIT,https://github.com/FizzleDorf/AIT.git,49,12,2023-10-12T06:35:20Z,This was orginally written by: https://github.com/hlky,0
brdevstreamers/brdevstreamers-api,https://github.com/brdevstreamers/brdevstreamers-api,https://github.com/brdevstreamers/brdevstreamers-api.git,49,12,2023-07-17T12:15:48Z,,0
akleber/fronius-json-tools,https://github.com/akleber/fronius-json-tools,https://github.com/akleber/fronius-json-tools.git,49,12,2022-09-05T15:26:36Z,Python tools to work with the json data of the Fronius Solar API,0
hechtlinger/graph_cnn,https://github.com/hechtlinger/graph_cnn,https://github.com/hechtlinger/graph_cnn.git,49,17,2017-05-19T16:58:41Z,"Supplementary code to ""Convolutional Neural Networks Generalization Utilizing the Data Graph Structure""",0
HikkaV/Precise-face-alignment,https://github.com/HikkaV/Precise-face-alignment,https://github.com/HikkaV/Precise-face-alignment.git,49,13,2020-02-10T14:29:26Z,"Precise face-alignment with opencv and dlib, using some geometry magic.",0
RookieJunChen/Pattern-recognition-and-deep-learning,https://github.com/RookieJunChen/Pattern-recognition-and-deep-learning,https://github.com/RookieJunChen/Pattern-recognition-and-deep-learning.git,49,29,2020-07-11T05:01:06Z,A simple tutorial for pytorch in deeplearning.,0
zombiB/zombi-addons,https://github.com/zombiB/zombi-addons,https://github.com/zombiB/zombi-addons.git,49,24,2024-08-14T13:31:18Z,,0
johnbeard/kiplot,https://github.com/johnbeard/kiplot,https://github.com/johnbeard/kiplot.git,49,90,2020-04-30T23:50:29Z,KiCad plotting utility,0
Chocapikk/CVE-2024-56145,https://github.com/Chocapikk/CVE-2024-56145,https://github.com/Chocapikk/CVE-2024-56145.git,49,14,2024-12-23T12:51:54Z,Unauthenticated RCE on CraftCMS when PHP `register_argc_argv` config setting is enabled,0
percent4/keras_bert_text_classification,https://github.com/percent4/keras_bert_text_classification,https://github.com/percent4/keras_bert_text_classification.git,49,9,2021-04-04T13:27:20Z,æœ¬é¡¹ç›®é‡‡ç”¨Keraså’ŒKeras-bertå®ç°æ–‡æœ¬å¤šåˆ†ç±»ä»»åŠ¡ï¼Œå¯¹BERTè¿›è¡Œå¾®è°ƒã€‚,0
google/dotty,https://github.com/google/dotty,https://github.com/google/dotty.git,49,12,2021-03-23T15:41:30Z,,0
music-x-lab/ISMIR2019-Large-Vocabulary-Chord-Recognition,https://github.com/music-x-lab/ISMIR2019-Large-Vocabulary-Chord-Recognition,https://github.com/music-x-lab/ISMIR2019-Large-Vocabulary-Chord-Recognition.git,49,14,2024-04-09T10:16:55Z,Pre-trained models for ISMIR 2019 Paper Large-Vocabulary Chord Transcription via Chord Structure Decomposition,0
saeedkhaki92/Yield-Prediction-DNN,https://github.com/saeedkhaki92/Yield-Prediction-DNN,https://github.com/saeedkhaki92/Yield-Prediction-DNN.git,49,20,2022-11-20T04:42:39Z,"This repository contains my code for the ""Crop Yield Prediction Using Deep Neural Networks"" paper.",0
nlpdz/Medical-Named-Entity-Rec-Based-on-Dilated-CNN,https://github.com/nlpdz/Medical-Named-Entity-Rec-Based-on-Dilated-CNN,https://github.com/nlpdz/Medical-Named-Entity-Rec-Based-on-Dilated-CNN.git,49,13,2019-04-09T10:58:49Z,åŸºäºè†¨èƒ€å·ç§¯ç¥ç»ç½‘ç»œï¼ˆDilated Convolutionsï¼‰è®­ç»ƒå¥½çš„åŒ»ç–—å‘½åå®ä½“è¯†åˆ«å·¥å…·,0
GentleZhu/Shift-Robust-GNNs,https://github.com/GentleZhu/Shift-Robust-GNNs,https://github.com/GentleZhu/Shift-Robust-GNNs.git,49,7,2022-06-03T15:36:11Z,"""Shift-Robust GNNs: Overcoming the Limitations of Localized Graph Training Data"" (NeurIPS 21')",0
H2K804/CycleGAN-medical-image-segmentation,https://github.com/H2K804/CycleGAN-medical-image-segmentation,https://github.com/H2K804/CycleGAN-medical-image-segmentation.git,49,13,2019-08-22T17:41:32Z,"Implementation of CycleGAN for unsupervised image segmentaion, performed on brain tumor scans",0
jordib123/replay-jamming-attack,https://github.com/jordib123/replay-jamming-attack,https://github.com/jordib123/replay-jamming-attack.git,49,7,2019-09-05T10:54:27Z,Automated replay and jamming attack against remote keyless entry systems,0
com-puter-tips/SEO-Analysis,https://github.com/com-puter-tips/SEO-Analysis,https://github.com/com-puter-tips/SEO-Analysis.git,49,11,2023-05-23T01:44:10Z,A Python script to gain some insights from a domain and list of keywords.,0
osgeosuomi/GlobeBuilder,https://github.com/osgeosuomi/GlobeBuilder,https://github.com/osgeosuomi/GlobeBuilder.git,49,6,2022-05-20T05:40:21Z,QGIS 3 plugin meant for adding globe visualization for the current map.,0
wang59695487/hand_teleop_real_sim_mix_adr,https://github.com/wang59695487/hand_teleop_real_sim_mix_adr,https://github.com/wang59695487/hand_teleop_real_sim_mix_adr.git,49,0,2024-11-28T05:53:08Z,,0
afm-shahab-uddin/SaliencyMix,https://github.com/afm-shahab-uddin/SaliencyMix,https://github.com/afm-shahab-uddin/SaliencyMix.git,49,13,2022-11-23T02:56:05Z,SaliencyMix: A Saliency Guided Data Augmentation Strategy for Better Regularization,0
pinple/Xweibo,https://github.com/pinple/Xweibo,https://github.com/pinple/Xweibo.git,49,7,2018-12-04T15:33:46Z,ğŸ’Š åˆ é™¤æ‰€æœ‰å¾®åšç—•è¿¹,0
chenwj1989/pafx,https://github.com/chenwj1989/pafx,https://github.com/chenwj1989/pafx.git,49,13,2021-08-19T01:10:54Z,Python Audio Effects,0
nkhilgaba/YoutubeToSpotify,https://github.com/nkhilgaba/YoutubeToSpotify,https://github.com/nkhilgaba/YoutubeToSpotify.git,49,11,2019-04-20T06:48:08Z,"A Python script to fetch tracks of music channels on Youtube, find them on Spotify and add them to a playlist",0
thu-nics/MixDQ,https://github.com/thu-nics/MixDQ,https://github.com/thu-nics/MixDQ.git,49,5,2024-11-27T03:17:44Z,[ECCV24] MixDQ: Memory-Efficient Few-Step Text-to-Image Diffusion Models with Metric-Decoupled Mixed Precision Quantization,0
fufankeji/ReAct_AI_Agent,https://github.com/fufankeji/ReAct_AI_Agent,https://github.com/fufankeji/ReAct_AI_Agent.git,49,12,2024-09-19T09:56:03Z,åŸºäºReActæ„å»ºçš„ç”µå•†æ™ºèƒ½å®¢æœä»£ç†,0
sundios/google-visibility-score,https://github.com/sundios/google-visibility-score,https://github.com/sundios/google-visibility-score.git,49,15,2023-01-25T19:58:11Z,Get your own Google visibility score using Google Search Console Api and your own Keyword list.,0
wodxgod/Simple-Obfuscator,https://github.com/wodxgod/Simple-Obfuscator,https://github.com/wodxgod/Simple-Obfuscator.git,49,13,2022-07-12T19:38:43Z,An extremely simple Python 3 obfuscator,0
hepesu/LineNormalizer,https://github.com/hepesu/LineNormalizer,https://github.com/hepesu/LineNormalizer.git,49,6,2020-08-01T02:32:51Z,Normalize rasterization line-drawings to uniform width using deep learning.,0
cqu20160901/yolov11_deploymethods,https://github.com/cqu20160901/yolov11_deploymethods,https://github.com/cqu20160901/yolov11_deploymethods.git,49,7,2025-01-31T14:33:19Z,yolov11ï¼ˆyolov8ï¼‰å°è¯•äº†7ç§ä¸åŒçš„éƒ¨ç½²æ–¹æ³•ï¼Œå¹¶å¯¹æ¯ç§æ–¹æ³•çš„ä¼˜åŠ¿è¿›è¡Œäº†ç®€å•æ€»ç»“ã€‚ä¸åŒçš„å¹³å°ã€ä¸åŒçš„æ—¶è€—æˆ–CPUå ç”¨éœ€æ±‚ï¼Œæ€»æœ‰ä¸€ç§æ–¹æ³•æ˜¯é€‚ç”¨çš„ã€‚é’ˆå¯¹æƒ³å…¥é—¨éƒ¨ç½²çš„ä¹Ÿæ˜¯ä¸€ä¸ªå¾ˆå¥½çš„å‚è€ƒå­¦ä¹ èµ„æ–™ã€‚,0
Dascienz/phpBB-forum-scraper,https://github.com/Dascienz/phpBB-forum-scraper,https://github.com/Dascienz/phpBB-forum-scraper.git,49,17,2020-05-29T01:28:48Z,Python-based web crawlers for scraping phpBB forum posts.,0
wjwjww/OLI2MSI,https://github.com/wjwjww/OLI2MSI,https://github.com/wjwjww/OLI2MSI.git,49,6,2021-10-13T13:18:49Z,a dataset for remote sensing super-resolution,0
kah-ve/codesignal,https://github.com/kah-ve/codesignal,https://github.com/kah-ve/codesignal.git,49,13,2019-04-01T21:45:39Z,Codesignal Coding Solutions,0
ansfl/BeamsNet,https://github.com/ansfl/BeamsNet,https://github.com/ansfl/BeamsNet.git,49,4,2022-07-24T10:50:14Z,Data-driven approach for AUV navigation ,0
JayveeHe/MusicTaster,https://github.com/JayveeHe/MusicTaster,https://github.com/JayveeHe/MusicTaster.git,49,16,2020-06-06T03:42:39Z,ä¸€ç§song2vecã€artist2vecçš„å®è·µ,0
yousefissa/Shoe-Raffle-Scripts,https://github.com/yousefissa/Shoe-Raffle-Scripts,https://github.com/yousefissa/Shoe-Raffle-Scripts.git,49,33,2017-04-27T15:34:37Z,Scripts for shoe site raffles.,0
donce71/Pedestrians-counter-raspberry,https://github.com/donce71/Pedestrians-counter-raspberry,https://github.com/donce71/Pedestrians-counter-raspberry.git,49,28,2017-02-03T19:32:48Z,Computer vision program on python for pedestrians monitoring. Method is based on static camera background subtraction.,0
gitpitch/kitchen-sink,https://github.com/gitpitch/kitchen-sink,https://github.com/gitpitch/kitchen-sink.git,49,100,2020-10-11T16:19:30Z,GitPitch Live Slideshow Presentation Feature Demo ,0
vivekjuneja/docker_registry_cli,https://github.com/vivekjuneja/docker_registry_cli,https://github.com/vivekjuneja/docker_registry_cli.git,49,28,2023-10-03T17:48:18Z,Docker Registry CLI - Provides search functionality for Docker Registry (UI and CLI),0
sarda-nikhil/pycow,https://github.com/sarda-nikhil/pycow,https://github.com/sarda-nikhil/pycow.git,49,3,2013-04-05T22:52:59Z,Copy-on-write for Python,0
MongoEngine/extras-mongoengine,https://github.com/MongoEngine/extras-mongoengine,https://github.com/MongoEngine/extras-mongoengine.git,49,36,2019-01-02T14:41:13Z,MongoEngine Extras - Field Types and any other wizardry.,0
pimoroni/PanTiltFacetracker,https://github.com/pimoroni/PanTiltFacetracker,https://github.com/pimoroni/PanTiltFacetracker.git,49,21,2017-03-22T10:02:40Z,Face Tracking for the Adafruit Mini Pan Tilt kit and Raspberry Pi camera,0
ChienliMa/DeConvNet,https://github.com/ChienliMa/DeConvNet,https://github.com/ChienliMa/DeConvNet.git,49,17,2015-03-19T12:37:16Z,"Primitive implementation of Deconvnet, used to visualize CNN. Just for fun :)",0
everestial/VCF-Simplify,https://github.com/everestial/VCF-Simplify,https://github.com/everestial/VCF-Simplify.git,49,11,2024-10-30T09:27:43Z,A python parser to simplify and build the VCF (Variant Call Format).,0
twidi/mixt,https://github.com/twidi/mixt,https://github.com/twidi/mixt.git,49,5,2023-09-28T14:44:14Z,Write html components directly in python and you have a beautiful but controversial MIXTure,0
aboutmydreams/what-trash,https://github.com/aboutmydreams/what-trash,https://github.com/aboutmydreams/what-trash.git,49,18,2023-03-01T12:19:35Z,garbage sorting assistant,0
chuanenlin/lane-detector,https://github.com/chuanenlin/lane-detector,https://github.com/chuanenlin/lane-detector.git,49,94,2019-04-22T11:24:25Z,https://towardsdatascience.com/tutorial-build-a-lane-detector-679fd8953132,0
icemiliang/pyvot,https://github.com/icemiliang/pyvot,https://github.com/icemiliang/pyvot.git,49,9,2023-10-02T05:46:00Z,A Python implementation of Monge optimal transportation,0
woodyx218/Deep-Learning-with-GDP-Tensorflow,https://github.com/woodyx218/Deep-Learning-with-GDP-Tensorflow,https://github.com/woodyx218/Deep-Learning-with-GDP-Tensorflow.git,49,10,2021-04-29T18:21:08Z,"Code to accompany the paper ""Deep Learning with Gaussian Differential Privacy""",0
bojone/unsupervised-text-generation,https://github.com/bojone/unsupervised-text-generation,https://github.com/bojone/unsupervised-text-generation.git,49,6,2021-06-03T10:08:23Z,æ— ç›‘ç£æ–‡æœ¬ç”Ÿæˆçš„ä¸€äº›æ–¹æ³•,0
ninatu/anomaly_detection,https://github.com/ninatu/anomaly_detection,https://github.com/ninatu/anomaly_detection.git,49,8,2021-11-02T08:44:04Z,"Official implementation of ""Anomaly Detection with Deep Perceptual Autoencoders.""  IEEE Access 2021",0
kerrickstaley/extracting-chinese-subs,https://github.com/kerrickstaley/extracting-chinese-subs,https://github.com/kerrickstaley/extracting-chinese-subs.git,49,5,2019-11-02T00:26:05Z,Code to extract Chinese hard subs from the TV series ä»–æ¥äº†è¯·é—­çœ¼,0
chenhaoxing/SSFormers,https://github.com/chenhaoxing/SSFormers,https://github.com/chenhaoxing/SSFormers.git,49,12,2023-07-29T10:49:24Z,"This repository is the code of the paper ""Sparse Spatial Transformers for Few-Shot Learning"" (SCIENCE CHINA Information Sciences).",0
pgiri/pycos,https://github.com/pgiri/pycos,https://github.com/pgiri/pycos.git,49,9,2024-06-28T04:54:11Z," Concurrent, Asynchronous, Distributed, Communicating Tasks with Python",0
QuantumLiu/PornHub_downloader,https://github.com/QuantumLiu/PornHub_downloader,https://github.com/QuantumLiu/PornHub_downloader.git,49,14,2017-12-27T21:28:56Z,"A GUI program,crawling links of .mp4 video files from page URL",0
arielherself/espresso,https://github.com/arielherself/espresso,https://github.com/arielherself/espresso.git,49,2,2023-02-28T17:09:29Z,"Automatically fetch latest content of ""The world in brief"" section of The Economist.",0
S1lkys/CVE-2020-15906,https://github.com/S1lkys/CVE-2020-15906,https://github.com/S1lkys/CVE-2020-15906.git,49,11,2020-10-26T22:01:33Z,Writeup of CVE-2020-15906,0
yxdragon/qq-snooker-helper,https://github.com/yxdragon/qq-snooker-helper,https://github.com/yxdragon/qq-snooker-helper.git,49,12,2020-09-20T13:19:07Z,åŸºäºå›¾åƒå¤„ç†çš„QQæ¡Œçƒè¾…åŠ©å™¨,0
haloowhite/noss-mint-script,https://github.com/haloowhite/noss-mint-script,https://github.com/haloowhite/noss-mint-script.git,49,20,2024-01-06T12:24:05Z,noss auto mint scirpt.,0
YuemingJin/MTRCNet-CL,https://github.com/YuemingJin/MTRCNet-CL,https://github.com/YuemingJin/MTRCNet-CL.git,49,18,2021-09-24T11:25:37Z,"[MedIA'20]Multi-task recurrent convolutional network with correlation loss for surgical video analysis, winner algorithm at MICCAI'19 Surgical Workflow and Skill Analysis Challenge",0
alxndrTL/othello_mamba,https://github.com/alxndrTL/othello_mamba,https://github.com/alxndrTL/othello_mamba.git,49,8,2024-04-25T19:43:12Z,Evaluating the Mamba architecture on the Othello game,0
Flionay/segmentation-learning-experiment,https://github.com/Flionay/segmentation-learning-experiment,https://github.com/Flionay/segmentation-learning-experiment.git,49,7,2023-03-10T08:44:42Z,åŸºäºPytorchæ¡†æ¶çš„è¯­ä¹‰åˆ†å‰²å­¦ä¹ ï¼ŒFCNï¼ŒUNetï¼ŒDeepLab åŸºäºVOCæ•°æ®é›†ã€‚,0
sped-br/python-sped,https://github.com/sped-br/python-sped,https://github.com/sped-br/python-sped.git,49,58,2023-08-15T06:07:09Z,Biblioteca para geraÃ§Ã£o dos arquivos do Sistema PÃºblico de EscrituraÃ§Ã£o Digital (SPED) para Python.,0
Urban-World/UrbanWorld,https://github.com/Urban-World/UrbanWorld,https://github.com/Urban-World/UrbanWorld.git,49,5,2024-11-09T05:42:13Z,"The official implementation of the paper ""UrbanWorld: An Urban World Model for 3D City Generation""",0
swallors/swall,https://github.com/swallors/swall,https://github.com/swallors/swall.git,49,33,2015-10-11T15:53:35Z,A Infrastructure Management base on Redis,0
Whiax/sd-webui-nulienhance,https://github.com/Whiax/sd-webui-nulienhance,https://github.com/Whiax/sd-webui-nulienhance.git,49,2,2023-04-01T11:57:25Z,An extension for integrating the NUl Image Enhancer (NUlIE) in sd-webui ğŸ–¼ï¸,0
thaipduong/SE3HamDL,https://github.com/thaipduong/SE3HamDL,https://github.com/thaipduong/SE3HamDL.git,49,13,2023-08-01T17:44:11Z,"Code for our RSS'21 paper: ""Hamiltonian-based Neural ODE Networks on the SE(3) Manifold For Dynamics Learning and Control""",0
OZv/VOC,https://github.com/OZv/VOC,https://github.com/OZv/VOC.git,49,18,2016-04-16T04:17:49Z,none,0
cldeluna/nornir-config,https://github.com/cldeluna/nornir-config,https://github.com/cldeluna/nornir-config.git,49,16,2022-12-08T10:24:49Z,Using Nornir Automation Framework to generate device configurations,0
bcol23/HyperIM,https://github.com/bcol23/HyperIM,https://github.com/bcol23/HyperIM.git,49,11,2019-09-04T15:09:03Z,"PyTorch implementation of the paper ""Hyperbolic Interaction Model For Hierarchical Multi-Label Classification""",0
shouxieai/word_2_vec,https://github.com/shouxieai/word_2_vec,https://github.com/shouxieai/word_2_vec.git,49,28,2022-08-15T03:31:27Z,word_2_vec,0
SongjieXie/Discrete-TaskOriented-JSCC,https://github.com/SongjieXie/Discrete-TaskOriented-JSCC,https://github.com/SongjieXie/Discrete-TaskOriented-JSCC.git,49,7,2022-10-13T17:10:57Z,DT-JSCC: discrete joint source-channel coding for task-oriented communication with digital modulation,0
BenMSK/trajectory-prediction-for-KalmanPrediction-and-DeepLearning,https://github.com/BenMSK/trajectory-prediction-for-KalmanPrediction-and-DeepLearning,https://github.com/BenMSK/trajectory-prediction-for-KalmanPrediction-and-DeepLearning.git,49,7,2022-09-29T02:22:35Z,This repository is for studying a trajectory prediction using Kalman filter and deep learning models. ,0
VisionICLab/SwinFuSR,https://github.com/VisionICLab/SwinFuSR,https://github.com/VisionICLab/SwinFuSR.git,49,2,2024-10-29T15:08:56Z,SwinFuSR: an image fusion inspired model for RGB-guided thermal image super-resolution ,0
jackfengji/f5-steganography,https://github.com/jackfengji/f5-steganography,https://github.com/jackfengji/f5-steganography.git,49,16,2012-03-30T07:04:24Z,a python implement of f5 steganography,0
